,,,,,,,,,,,,,,,,,,,,,,,,,,,,,,,,,,,,,,,,,,,,,,,,,,,,,,,,,,,,,
,,2021,2021,2021,2021,2021,2021,2021,2021,2021,2021,2021,2021,2022,2022,2022,2022,2022,2022,2022,2022,2022,2022,2022,2022,2023,2023,2023,2023,2023,2023,2023,2023,2023,2023,2023,2023,2024,2024,2024,2024,2024,2024,2024,2024,2024,2024,2024,2024,2025,2025,2025,2025,2025,2025,2025,2025,2025,2025,2025,2025
F/R,COMMODITIES ,January,February,March,April,May,June,July,August,September,October,November,December,January,February,March,April,May,June,July,August,September,October,November,December,January,February,March,April,May,June,July,August,September,October,November,December,January,February,March,April,May,June,July,August,September,October,November,December,January,February,March,April,May,June,July,August,September,October,November,December
,COCONUT,,,,,,,,,,,,,,,,,,,,,,,,,,,,,,,,,,,,,,,,,,,,,,,,,,,,,,,,,,,,
FARMGATE,Coconut Mature,8.6,8.58,8.56,8.61,8.4,8.34,8.24,8.03,7.98,8.22,8.51,8.68,8.72,9.12,9.65,9.72,9.36,9.23,8.71,8.43,8.44,8.57,8.54,8.57,8.1,8.04,8.05,8.32,8.21,8.09,8.17,8.24,8.16,8.13,8.28,8.57,9.65,9.68,10.47,9.57,9.01,8.93,12.86,13.77,13.02,12.47,12.89,12.38,11.84,11.52,13.28,14.69,14.83,14.45,12.92,12.61,12.75,11.98,12.35,12.25
,Coconut Young,9.52,9.21,9.53,9.26,9.17,9.4,9.17,9,8.94,9.01,8.85,9.59,9.62,9.79,10.32,10.45,10.39,10.4,10.1,10.2,10.03,10.4,10.24,10.9,10.26,10.36,10.43,10.45,10.03,10.39,10.55,10.31,10.45,10.74,10.94,11.39,11.26,11.22,11.86,12.98,13.15,11.3,11.08,12.12,12.14,12.44,13.79,14.05,13.47,11.38,12.57,11.23,13.64,15.3,12.72,12.94,12.01,13.11,16.13,13.51
,AVERAGE,9.06,8.895,9.045,8.935,8.785,8.87,8.705,8.515,8.46,8.615,8.68,9.135,9.17,9.455,9.985,10.085,9.875,9.815,9.405,9.315,9.235,9.485,9.39,9.735,9.18,9.2,9.24,9.385,9.12,9.24,9.36,9.275,9.305,9.435,9.61,9.98,10.455,10.45,11.165,11.275,11.08,10.115,11.97,12.945,12.58,12.455,13.34,13.215,12.655,11.45,12.925,12.96,14.235,14.875,12.82,12.775,12.38,12.545,14.24,12.88
RETAIL,"MATURED COCONUT, MEDIUM, 1 PC",24.06,24.16,24.2,24.43,24.4,24.48,24.43,24.32,24.37,24.33,24.29,24.38,24.64,24.66,24.98,25.71,26.07,26.16,26.46,26.64,26.59,26.68,26.71,26.86,26.93,26.67,26.5,26.54,26.43,26.31,26.22,26.19,26.28,26.35,26.4,26.42,26.56,26.57,26.49,26.44,26.48,26.6,26.63,26.68,26.77,26.91,26.95,27.44,27.87,28.18,28.67,29.48,30.53,31.58,32.27,32.37,32.56,32.92,33.02,33.42
,"YOUNG COCONUT, MEDIUM, 1 PC",25.8,25.77,25.95,26.08,25.98,26.06,25.89,25.95,26,26.05,26.01,26.09,26.77,26.92,27.13,27.3,27.6,27.75,28.17,28.28,28.62,28.73,28.97,29.03,29.06,29.09,29.19,29.17,29.22,29.4,29.65,29.63,29.65,29.7,29.74,29.89,30.06,30.11,30.11,30.13,30.04,30.18,30.26,30.27,30.29,30.29,30.41,30.79,31.94,32.37,32.58,32.92,33.39,34.07,34.53,34.75,34.99,35.09,35.16,35.46
,AVERAGE,24.93,24.965,25.075,25.255,25.19,25.27,25.16,25.135,25.185,25.19,25.15,25.235,25.705,25.79,26.055,26.505,26.835,26.955,27.315,27.46,27.605,27.705,27.84,27.945,27.995,27.88,27.845,27.855,27.825,27.855,27.935,27.91,27.965,28.025,28.07,28.155,28.31,28.34,28.3,28.285,28.26,28.39,28.445,28.475,28.53,28.6,28.68,29.115,29.905,30.275,30.625,31.2,31.96,32.825,33.4,33.56,33.775,34.005,34.09,34.44
,MARGIN,15.87,16.07,16.03,16.32,16.405,16.4,16.455,16.62,16.725,16.575,16.47,16.1,16.535,16.335,16.07,16.42,16.96,17.14,17.91,18.145,18.37,18.22,18.45,18.21,18.815,18.68,18.605,18.47,18.705,18.615,18.575,18.635,18.66,18.59,18.46,18.175,17.855,17.89,17.135,17.01,17.18,18.275,16.475,15.53,15.95,16.145,15.34,15.9,17.25,18.825,17.7,18.24,17.725,17.95,20.58,20.785,21.395,21.46,19.85,21.56
,BANANA,,,,,,,,,,,,,,,,,,,,,,,,,,,,,,,,,,,,,,,,,,,,,,,,,,,,,,,,,,,,
FARMGATE,Banana Bungulan,17.36,15.61,15.75,16.74,15.57,16.45,14.42,15.86,16.07,16.35,16.63,16.61,17.89,18.11,17.63,18.49,18.32,17.43,17.78,18.63,17.93,17.81,18.7,19.6,18.2,17.18,17.57,18.04,18.76,18.21,17.23,17.73,18.15,18.43,18.28,19.93,22.84,23.85,23.66,19.21,21.54,18.21,23.41,24.93,23.81,20.42,20.81,24.76,20.84,23.82,22.42,15.2,16.02,17.59,23.21,22.19,16.53,18.02,18.16,19.62
,Banana Cavendish,11.06,16.45,13.96,9.22,6.13,12.96,12.92,11.88,3.88,12.19,12.45,13.74,18.14,14.68,15.75,15.69,15.54,13.71,14.65,14.76,15.18,13.84,13.02,13.33,20.04,19.47,21.51,18.86,23.47,21.07,23.08,22.42,23.79,18.57,18.49,15.63,25.64,25.37,25.84,21.19,33.05,34.6,19.51,19.37,20.59,16.98,18.09,24.67,20.01,22.13,23.32,22.33,22.22,21.74,16.38,14.21,19.07,19.06,21.8,17.66
,Banana Lakatan,31.26,31.26,30.07,30,29.03,29.26,28.41,27.69,27.99,27.38,27.29,26.55,27.99,27.62,27.55,27.76,27.97,27.41,26.35,25.74,25.96,26,26.73,28.28,29.35,29.34,29.43,30.34,30.03,29.84,29.8,29.16,30.32,30.48,30.78,32.21,32,32.32,33.38,32.74,28.08,27.17,37.47,39.45,43.41,33.41,34.63,36.12,32.06,33.7,33.65,31.39,31.43,30,27.77,27.97,27.34,26.89,27.43,28.55
,Banana Latundan,20.67,20.26,20.54,20.61,20.33,19.72,19.32,19.37,19.68,18.65,18.25,18.57,18.75,18.68,18.34,18.6,18.56,19.55,18.85,18.59,18.08,18.36,18.12,19.18,19.23,19.35,19.77,19.98,19.75,19.63,19.5,19.91,19.83,20.04,20.41,20.46,22.26,22.86,23.24,20.87,21.78,20.98,23.89,22.2,23.35,20.02,21.8,22.37,21.4,21.88,19.52,22.76,19.34,22.49,23.23,21.92,20.98,18.92,17.8,16.96
,Banana Saba,15.97,15.66,15.82,15.75,15.42,15.5,14.7,14.66,14.71,14.67,14.66,14.75,14.56,14.14,14.62,14.3,14.2,14.52,13.93,14.02,13.87,14.26,14.35,14.64,14.28,14.71,15.19,15.3,15.34,14.99,14.68,15.15,15.16,15.35,15.31,15.43,16.51,16.99,17.68,12.45,11.89,13.25,20.17,22.32,23.33,16.51,15.2,15.43,14.78,15.49,15.86,13.57,15.2,15.54,12.17,13,12.77,14,12.8,11.39
,Banana Others,,,,,,,,,,,,,,,,,,,,,,,,,,,,,,,,,,,,,16.78,16.97,16.73,35.27,34.54,30.77,25.99,27.31,21.7,21.05,21.58,21.05,18.72,30,30,47.73,48.56,24.03,22.16,18.09,20.06,17.13,12.52,13.62
,AVERAGE,19.264,19.848,19.228,18.464,17.296,18.778,17.954,17.892,16.466,17.848,17.856,18.044,19.466,18.646,18.778,18.968,18.918,18.524,18.312,18.348,18.204,18.054,18.184,19.006,20.22,20.01,20.694,20.504,21.47,20.748,20.858,20.874,21.45,20.574,20.654,20.732,22.67166667,23.06,23.42166667,23.62166667,25.14666667,24.16333333,25.07333333,25.93,26.03166667,21.39833333,22.01833333,24.06666667,21.30166667,24.50333333,24.12833333,25.49666667,25.46166667,21.89833333,20.82,19.56333333,19.45833333,19.00333333,18.41833333,17.96666667
RETAIL,"FRESH FRUIT, BANANA, CARDAVA, MEDIUM, 1 KG",29.26,28.71,27.9,27.48,27.32,27.25,27.67,27.82,26.37,27.18,25.94,26.02,26.46,28.57,28.35,27.69,30.09,27.32,25.59,25.9,26.78,26.11,26.58,25.76,25.44,24.49,23.99,26.32,27.49,28.14,28.06,28.14,28.29,32.14,31.06,31.9,31.77,29.85,29.79,30.21,30.5,31.63,32.23,31.44,30.52,30.88,28.95,29.41,28.73,28.37,28.63,29.75,29.79,29.24,29.22,28.4,28.9,28.18,27.88,28.12
,"FRESH FRUIT, BANANA, LAKATAN, MEDIUM, 1 KG",71.27,69.69,69.23,69.18,68.17,66.99,65.88,65.25,64.01,63.55,62.84,61.82,63.63,63.58,63.39,62.93,62.74,62.26,61.61,61.3,60.92,60.76,61.07,63.53,69.08,72.3,73.67,75.48,75.52,74.85,74.09,74.35,74.18,75.48,78.17,80.09,83.62,84.39,85.45,86.44,85.55,84.72,84.47,86.02,86.86,87.69,88.19,88.59,91.02,91.91,93.14,93.48,94.35,93.14,90.86,89.63,88.56,87.14,86.65,88.5
,"FRESH FRUIT, BANANA, LATUNDAN, MEDIUM, 1 KG",46.15,46.26,46.07,46.37,45.51,45.14,44.82,44.45,43.86,43.9,43.4,43.22,44.37,44.07,44.36,43.71,44.07,43.87,43.97,43.39,42.91,42.8,43.17,43.63,45.23,45.5,46.52,46.5,47.02,46.79,46.18,46.49,46.71,46.83,47.57,47.7,48.9,48.99,49.59,50.4,50.01,49.75,49.85,50.59,51.08,50.9,50.47,51.18,51.75,52.94,54.17,54.61,55.2,54.96,54.92,54.49,53.69,54.04,53.98,55.13
,"FRESH FRUIT, BANANA, SABA, MEDIUM, 1 KG",40.26,39.99,40.2,40.33,39.98,39.54,38.99,38.67,38.97,39.04,39.27,38.81,38.82,38.81,38.46,38.32,38.39,37.28,37.48,36.57,36.27,35.29,35.11,35.26,36.72,35.71,36.47,37.64,37.44,36.82,36.22,36.23,36.21,36.76,37.03,36.55,36.84,36.92,36.87,37.6,37.18,37.38,36.94,37.39,37.38,37.69,37.73,37.94,38.43,39.55,40.83,41.32,41.97,42.36,42.72,43.27,42.56,41.77,41.92,42.63
,AVERAGE,46.735,46.1625,45.85,45.84,45.245,44.73,44.34,44.0475,43.3025,43.4175,42.8625,42.4675,43.32,43.7575,43.64,43.1625,43.8225,42.6825,42.1625,41.79,41.72,41.24,41.4825,42.045,44.1175,44.5,45.1625,46.485,46.8675,46.65,46.1375,46.3025,46.3475,47.8025,48.4575,49.06,50.2825,50.0375,50.425,51.1625,50.81,50.87,50.8725,51.36,51.46,51.79,51.335,51.78,52.4825,53.1925,54.1925,54.79,55.3275,54.925,54.43,53.9475,53.4275,52.7825,52.6075,53.595
,MARGIN,27.471,26.3145,26.622,27.376,27.949,25.952,26.386,26.1555,26.8365,25.5695,25.0065,24.4235,23.854,25.1115,24.862,24.1945,24.9045,24.1585,23.8505,23.442,23.516,23.186,23.2985,23.039,23.8975,24.49,24.4685,25.981,25.3975,25.902,25.2795,25.4285,24.8975,27.2285,27.8035,28.328,27.61083333,26.9775,27.00333333,27.54083333,25.66333333,26.70666667,25.79916667,25.43,25.42833333,30.39166667,29.31666667,27.71333333,31.18083333,28.68916667,30.06416667,29.29333333,29.86583333,33.02666667,33.61,34.38416667,33.96916667,33.77916667,34.18916667,35.62833333
,MANGO,,,,,,,,,,,,,,,,,,,,,,,,,,,,,,,,,,,,,,,,,,,,,,,,,,,,,,,,,,,,
FARMGATE,Mango Carabao,67.29,59.79,54.98,50.03,40.91,45.52,44.6,47.3,49.41,46.97,53.62,61.88,53.02,49,45.44,41.29,40.37,55.67,53.83,55.64,58,62.66,66.42,71.1,61.31,57.56,59.94,58.92,44.9,43.87,48.1,61.02,74.87,68.17,68.38,77.68,57.9,56.64,55.96,35.36,33.02,35.61,57.38,46.63,55.16,68.11,64.74,76.38,70.51,70.41,61.06,55.03,58.83,62.12,49.58,55.25,54.8,55.57,55.7,66.61
,Mango Piko,,53.57,46.94,44.13,35.74,42.02,28.65,,33.75,,,,48.92,52.51,40.24,33.97,29.52,50.35,31.28,25,,,48.5,41.5,40.5,40.12,45.23,43.11,36.99,35.12,29.96,39.55,,,,,37.72,42.48,46.46,32.61,22.72,57.05,22.05,30.08,40.45,46.7,32.66,45.45,52.48,49.48,42.91,58.2,44.95,47.98,56.1,33.85,29.62,36.2,36.39,47.18
,Mango Indian,22.53,15.02,11.64,12.59,11.18,12.44,14.08,13.14,25.03,15.22,15.32,15.34,17.49,13.27,11.65,13.47,11.39,11.93,12.94,24.61,15.89,16.01,31.34,16.03,27.89,21.46,17.06,17.51,14.57,12.35,13.54,17.64,19.43,21.04,30.83,20.93,27.56,25.45,24.39,25.12,25.56,18.13,17.98,24.08,19.34,24.48,21.53,24.1,26.73,18.76,13.82,14.38,13.85,13.35,29.81,21.76,49.76,19.64,28.46,20
,Mango Others,21.59,18.93,17.47,15.74,16.46,15.57,17.53,19.76,19.14,18.85,19.43,22.38,20.43,18.5,17.69,16.28,30.16,30.5,19.85,23.94,29.42,29.32,29.75,20.95,24.68,21.26,18.2,11.06,15.51,17.16,14.96,,,,,32.17,25.28,34.35,32.52,33.85,26.86,21.56,17.94,23.94,24.63,29.08,32.38,28.87,30.35,21.47,69.93,26.41,30.16,25.45,22.17,25.36,26.73,28.67,53.88,24.67
,AVERAGE,37.13666667,36.8275,32.7575,30.6225,26.0725,28.8875,26.215,26.73333333,31.8325,27.01333333,29.45666667,33.2,34.965,33.32,28.755,26.2525,27.86,37.1125,29.475,32.2975,34.43666667,35.99666667,44.0025,37.395,38.595,35.1,35.1075,32.65,27.9925,27.125,26.64,39.40333333,47.15,44.605,49.605,43.59333333,37.115,39.73,39.8325,31.735,27.04,33.0875,28.8375,31.1825,34.895,42.0925,37.8275,43.7,45.0175,40.03,46.93,38.505,36.9475,37.225,39.415,34.055,40.2275,35.02,43.6075,39.615
RETAIL,"FRESH FRUIT, MANGO, CEBU, RIPE, MEDIUM, 1 KG",128.18,116.33,110.52,118.85,99.5,92.63,101.08,101.84,106.03,101.86,103.08,109.33,107.42,108.01,107.48,105.47,102.73,108.97,114.34,120.45,119.43,118.08,121.28,118.48,120.96,121.68,118.24,120.76,115.25,108.77,110.29,117.38,129.56,135.51,123.37,126.11,128.94,122.97,129.75,128.81,121.22,109.46,106.03,121.82,156.31,164.59,133.4,139.6,140.32,133.94,133.66,132.23,128.98,126.19,122.35,129.01,128.11,127.23,127.81,131.93
,"FRESH FRUIT, MANGO, INDIAN, MEDIUM, 1 KG",49.48,54.53,52.18,52.13,45.27,40.73,38.2,39.59,40.63,42.24,41.55,45.36,49.13,50.23,49.14,43.15,42.2,42.72,44.09,44.17,47.24,48.56,51.2,52.05,52.72,53.52,55.79,55.18,53.61,48.26,45.23,46.94,48.69,51.91,56.9,59.55,59.63,61.39,60.21,59.21,51.26,44.12,41.3,44.78,50.64,51.16,58.4,60.7,65.36,65.93,63.11,61.99,59.26,59.59,59.9,59.34,62.75,66.13,68.32,71.84
,"FRESH FRUIT, MANGO, KALABAW, RIPE, MEDIUM, 1 KG",175.91,171.98,156.4,152.54,136.33,123.03,123.15,128.99,131.28,130.6,133.95,140.65,148.74,147.12,139.46,129.04,120.44,130.85,142.82,151.18,154.59,157.09,163.4,162.23,165.86,162.39,157.46,152.6,143.1,132.34,131.29,146.62,163.07,173.65,171.14,170.08,173.84,163.71,158.84,148.36,134.23,117.34,126.46,144.79,183.75,207.68,179.27,181.9,189.94,175.47,164.97,152.75,144.98,143.38,151.12,158.29,166.15,168.15,169.8,175.09
,"FRESH FRUIT, MANGO, NATIVE, MEDIUM, 1 KG",103.61,95.41,92.55,92.27,74.03,70.8,91.92,94.31,94.03,99.44,106.53,108.75,106.81,99.72,94.58,83.47,74.44,78.75,96.39,114.44,114.31,122.78,126.39,135.56,128.61,114.44,118.06,112.64,89.93,64.24,67.43,92.43,113.27,126.6,133.54,133.54,146.88,130.9,119.86,100.14,83.27,61.46,66.11,85.42,110.97,143.61,152.15,150.77,169.65,151.6,125.69,105.83,102.64,99.72,105,120.56,125.83,127.36,130.28,136.25
,"FRESH FRUIT, MANGO, NATIVE, RIPE, MEDIUM, 1 KG",100.75,107.12,102.56,102.46,91.2,72.6,76.6,77.93,83.08,83.83,84.08,89.29,117.96,125.36,118.59,105.57,92.86,94.97,98.55,97.05,116.04,117.32,125.79,142.41,138.85,146.07,138.82,134.96,108.86,96.47,95.23,108.88,113.38,121.24,124.17,133.84,136.76,133.46,136.2,119.43,89.74,55.77,88.54,109.46,114.21,116.96,121.59,129.21,154.75,147.82,135.14,114.29,112.93,102.21,103.54,109,117.68,124.79,133.59,131.35
,"FRESH FRUIT, MANGO, PIKO, RIPE, MEDIUM, 1 KG",126.99,133.75,135.23,126.24,115.97,102.34,113.85,115.05,116.09,118.28,130.73,145,133.95,124.72,119.39,114.44,107.71,111.77,114.47,127.39,134.24,144.02,152.15,157.51,151.5,146.81,149.27,138.83,124.49,118.54,111.36,123.96,144.69,161.56,160.94,154.79,164.17,149.89,145.93,138.44,127.61,106.08,116.56,135,167.08,189.58,178.58,182.75,175.98,152.63,139.25,141.27,130.65,126.56,125.13,121.44,146.47,147.56,146.25,149.38
,"FRESH FRUIT, MANGO, RIPE, MEDIUM, 1 KG",148.73,146.11,139.61,138.25,113.36,107.5,117.85,124.54,131.34,132.97,138.43,142.03,149.87,145.51,136.12,127.37,118.37,128.63,139.26,152.98,156.87,158.39,163.04,162.72,161.43,168.21,160.34,155.77,140.76,128.4,127.71,135.72,155.48,170.34,172.27,166.28,174.31,170.31,165.64,156.66,143.17,127.66,117.69,137.64,156.07,176.83,176.87,185.49,187.63,180.15,168.27,159.91,150.5,151.14,151.5,161.66,171.98,171.71,171.11,181.16
,AVERAGE,119.0928571,117.89,112.7214286,111.82,96.52285714,87.09,94.66428571,97.46428571,100.3542857,101.3171429,105.4785714,111.4871429,116.2685714,114.3814286,109.2514286,101.2157143,94.10714286,99.52285714,107.1314286,115.38,120.3885714,123.7485714,129.0357143,132.9942857,131.4185714,130.4457143,128.2828571,124.3914286,110.8571429,99.57428571,98.36285714,110.2757143,124.02,134.4014286,134.6185714,134.8842857,140.6471429,133.2328571,130.9185714,121.5785714,107.2142857,88.84142857,94.67,111.2728571,134.1471429,150.0585714,142.8942857,147.2028571,154.8042857,143.9342857,132.87,124.0385714,118.5628571,115.5414286,116.9342857,122.7571429,131.2814286,133.2757143,135.3085714,139.5714286
,MARGIN,81.95619048,81.0625,79.96392857,81.1975,70.45035714,58.2025,68.44928571,70.73095238,68.52178571,74.30380952,76.02190476,78.28714286,81.30357143,81.06142857,80.49642857,74.96321429,66.24714286,62.41035714,77.65642857,83.0825,85.95190476,87.75190476,85.03321429,95.59928571,92.82357143,95.34571429,93.17535714,91.74142857,82.86464286,72.44928571,71.72285714,70.87238095,76.87,89.79642857,85.01357143,91.29095238,103.5321429,93.50285714,91.08607143,89.84357143,80.17428571,55.75392857,65.8325,80.09035714,99.25214286,107.9660714,105.0667857,103.5028571,109.7867857,103.9042857,85.94,85.53357143,81.61535714,78.31642857,77.51928571,88.70214286,91.05392857,98.25571429,91.70107143,99.95642857
,PINEAPPLE,,,,,,,,,,,,,,,,,,,,,,,,,,,,,,,,,,,,,,,,,,,,,,,,,,,,,,,,,,,,
FARMGATE,"Pineapple, Formosa",11.02,8.31,8.44,10.2,8.04,8.32,7.94,7.87,7.82,6.99,8.55,9.47,8.46,9.39,9.23,7.69,8.18,9.38,7.25,12.29,11.89,14.61,11.19,9.21,8.21,9.62,11.08,11.27,13.38,14.41,14.75,12.79,13.4,15.45,13.29,17.78,24.6,22.65,18.26,36.35,36.92,25.1,24.71,24.39,24.58,21.29,17.26,23.78,19.5,32,30.05,,7.17,17.81,13.25,16.94,18.47,20.73,25,25
,"Pineapple, Hawaiian",22.39,20.63,21.26,20.57,19.57,18.47,17.64,17.39,19.69,17.75,19.15,19.75,21.37,23.51,20.09,21.78,21.03,19.55,18.88,20.3,20.88,21.08,21.29,21.31,20.08,21.03,21.56,20.69,21.08,20.37,19.12,21.03,22.82,23.29,24.2,22.19,20.4,24.17,23.96,28.24,32.57,29.87,20.45,18.85,24.08,30.08,35.8,26.11,30.9,19.4,32.8,25.66,17.6,19.06,18.21,20.73,19.42,11.88,18.49,17.9
,"Pineapple, Native",,,,40,42.14,42,43.2,,,,25,,,30,,,,,,,,,,,,,,,,,,,,,,,20.28,19.73,22.88,30.61,29.14,25.13,27.48,27.82,26.48,26.69,28.36,25.63,28.18,35,34.27,20.89,22.98,24.76,17.77,34.06,40.17,28.63,23.13,34.87
,AVERAGE,16.705,14.47,14.85,23.59,23.25,22.93,22.92666667,12.63,13.755,12.37,17.56666667,14.61,14.915,20.96666667,14.66,14.735,14.605,14.465,13.065,16.295,16.385,17.845,16.24,15.26,14.145,15.325,16.32,15.98,17.23,17.39,16.935,16.91,18.11,19.37,18.745,19.985,21.76,22.18333333,21.7,31.73333333,32.87666667,26.7,24.21333333,23.68666667,25.04666667,26.02,27.14,25.17333333,26.19333333,28.8,32.37333333,23.275,15.91666667,20.54333333,16.41,23.91,26.02,20.41333333,22.20666667,25.92333333
RETAIL,"FRESH FRUIT, PINEAPPLE, PINYA, FORMOSA, MEDIUM, 1 KG",41.66,40.97,45.22,43.3,43.61,44.34,43.2,44.89,45.55,46.14,46.38,46.88,48.78,49.58,50.43,52.02,53.99,45.28,44.78,43.9,44.28,46.83,53.89,53.37,54.91,54.95,55.78,55.89,60.31,54.79,52.08,51.19,52.23,52.27,52.27,52.23,54.64,54.06,55.9,58.03,61.52,61.56,60.03,52.7,52.74,53.82,58.69,58.28,55.93,56.53,57.66,57.12,57.87,61.45,56.64,57.04,59.37,58.58,59.42,62.71
,"FRESH FRUIT, PINEAPPLE, PINYA, HAWAIIAN, MEDIUM, 1 KG",57.92,58.38,58.22,58.38,58.58,58.02,58.7,60.11,60.71,61.19,61.04,60.41,63.84,63.13,63.52,65.07,63.96,62.98,60.32,61.86,62.36,64.32,67.38,67.98,66.8,66.2,70.04,72.38,73.76,72.36,66.13,64.18,65.49,68.05,69.76,70.43,71.76,75.86,77.04,77.29,76.36,77.54,71.68,68.53,71.25,70.89,71.48,73.01,74.08,76.47,81.32,83.09,82.18,80.08,74.87,77.18,78.73,81.57,82.3,84.65
,"FRESH FRUIT, PINEAPPLE, PINYA, MEDIUM, 1 KG",58.61,58.75,58.48,57.63,57.53,56.9,55.64,55.29,55.72,56.91,57.27,57.85,57.61,58.04,58.26,58.76,59.07,58.22,58.25,58.97,59.84,60.68,61.54,62.29,62.95,62.96,62.85,63.68,63.85,63.44,61.56,62.29,63.62,64.53,65.31,65.33,66.58,67.88,67.3,67.92,67.8,67.34,66.15,65.43,67.14,66.85,68.19,69.83,71.26,73.65,73.86,74.62,74.79,74.12,73.1,72.3,73.43,73.77,74.96,75.8
,AVERAGE,52.73,52.7,53.97333333,53.10333333,53.24,53.08666667,52.51333333,53.43,53.99333333,54.74666667,54.89666667,55.04666667,56.74333333,56.91666667,57.40333333,58.61666667,59.00666667,55.49333333,54.45,54.91,55.49333333,57.27666667,60.93666667,61.21333333,61.55333333,61.37,62.89,63.98333333,65.97333333,63.53,59.92333333,59.22,60.44666667,61.61666667,62.44666667,62.66333333,64.32666667,65.93333333,66.74666667,67.74666667,68.56,68.81333333,65.95333333,62.22,63.71,63.85333333,66.12,67.04,67.09,68.88333333,70.94666667,71.61,71.61333333,71.88333333,68.20333333,68.84,70.51,71.30666667,72.22666667,74.38666667
,MARGIN ,36.025,38.23,39.12333333,29.51333333,29.99,30.15666667,29.58666667,40.8,40.23833333,42.37666667,37.33,40.43666667,41.82833333,35.95,42.74333333,43.88166667,44.40166667,41.02833333,41.385,38.615,39.10833333,39.43166667,44.69666667,45.95333333,47.40833333,46.045,46.57,48.00333333,48.74333333,46.14,42.98833333,42.31,42.33666667,42.24666667,43.70166667,42.67833333,42.56666667,43.75,45.04666667,36.01333333,35.68333333,42.11333333,41.74,38.53333333,38.66333333,37.83333333,38.98,41.86666667,40.89666667,40.08333333,38.57333333,48.335,55.69666667,51.34,51.79333333,44.93,44.49,50.89333333,50.02,48.46333333
,CASSAVA ,,,,,,,,,,,,,,,,,,,,,,,,,,,,,,,,,,,,,,,,,,,,,,,,,,,,,,,,,,,,
FARMGATE,"Cassava, fresh tubers for food",13.64,13.06,13.44,13.1,12.15,12.63,12.24,11.88,12.13,11.94,11.48,12.18,12.78,12.29,12.94,13.43,12.79,13.25,13.22,12.98,13.31,12.94,13.47,13.24,14.62,14.08,13.93,14.96,15.73,14.76,14.92,14.99,15.98,16.32,15.57,16.43,16.76,17.33,18.28,15.81,19.88,19.39,22.53,20.13,21.65,19.68,21.37,21.16,16.78,17.31,17.4,16.21,15.88,20.57,14.07,20.24,16.33,16.8,16.41,18.5
,"Cassava, fresh tubers for industrial use",5.13,5.27,6.27,5.82,5.29,5.39,5.24,5.48,4.71,6.04,5.59,5.7,4.34,4.77,4.51,4.93,5.2,5.01,5.85,5.33,5.09,5.7,6.41,6.12,5.99,5.51,6.01,6.24,6.06,5.81,6.49,7,5.44,5.64,6.67,6.21,8.14,7.56,9.3,5.75,9.48,10.17,4.43,10,9.24,11.52,12.37,9.32,6.87,4.83,4.32,4.7,6.37,12.82,14.85,7.37,13.62,4.12,7.16,14.66
,AVERAGE,9.385,9.165,9.855,9.46,8.72,9.01,8.74,8.68,8.42,8.99,8.535,8.94,8.56,8.53,8.725,9.18,8.995,9.13,9.535,9.155,9.2,9.32,9.94,9.68,10.305,9.795,9.97,10.6,10.895,10.285,10.705,10.995,10.71,10.98,11.12,11.32,12.45,12.445,13.79,10.78,14.68,14.78,13.48,15.065,15.445,15.6,16.87,15.24,11.825,11.07,10.86,10.455,11.125,16.695,14.46,13.805,14.975,10.46,11.785,16.58
RETAIL,"CASSAVA (KAMOTENG KAHOY), 1 KG",33.89,33.7,33.4,32.8,32.84,32.11,32.31,31.53,31.68,32.01,32.2,31.89,32.61,31.71,31.68,31.82,32.03,32.96,33.11,33.54,33.36,33.79,34.5,34.31,35.82,35.43,34.33,35.37,35.79,35.83,36.55,36.83,37.47,37.71,38.06,38.24,37.89,37.05,36.76,37.85,38.09,38.22,38.85,39.43,39.61,39.21,40.18,40.61,40.83,40.47,40.34,40.02,39.86,39.07,39.09,39.55,39.78,39.68,40.13,40.23
,MARGIN ,24.505,24.535,23.545,23.34,24.12,23.1,23.57,22.85,23.26,23.02,23.665,22.95,24.05,23.18,22.955,22.64,23.035,23.83,23.575,24.385,24.16,24.47,24.56,24.63,25.515,25.635,24.36,24.77,24.895,25.545,25.845,25.835,26.76,26.73,26.94,26.92,25.44,24.605,22.97,27.07,23.41,23.44,25.37,24.365,24.165,23.61,23.31,25.37,29.005,29.4,29.48,29.565,28.735,22.375,24.63,25.745,24.805,29.22,28.345,23.65
,UBE ,,,,,,,,,,,,,,,,,,,,,,,,,,,,,,,,,,,,,,,,,,,,,,,,,,,,,,,,,,,,
FARMGATE,Ube [Purple yam],30.89,31.76,17.52,22.73,23.73,27.57,22.89,19.47,37.09,37.31,32.98,29.69,33.25,32.94,25.2,25.08,28.98,27.79,28.75,34.03,30.77,40.34,35.15,33.96,33.4,30.66,24.65,28.81,26.46,31.45,35.43,23.24,22.68,41.46,36.78,41.52,34.65,40.22,41.72,50.89,91.34,42.88,28.22,40.02,43.86,38.46,39.28,51.36,68.94,27.47,49.83,18.57,31.58,30,32.07,30.85,47.57,47.16,58.85,45.54
RETAIL,"UBE, 1 KG",64.79,64.64,60.5,61.21,61.65,64.03,65.49,63.81,64.02,65.33,63.98,66.31,62.54,60.98,59.51,60.68,60.92,62.82,62.04,63.83,65.34,66.57,66.97,67.66,66.88,65.77,66.59,65.54,68.75,69.18,70.47,69.56,70.47,70.39,70.14,71.5,73.74,70.57,73.13,72.96,71.87,71.34,73.15,75.2,73.66,75.14,76.98,77.89,78.75,79.02,78.92,77.4,79.39,79.74,81.52,81.96,81.39,81.02,80.93,81.3
,MARGIN ,33.9,32.88,42.98,38.48,37.92,36.46,42.6,44.34,26.93,28.02,31,36.62,29.29,28.04,34.31,35.6,31.94,35.03,33.29,29.8,34.57,26.23,31.82,33.7,33.48,35.11,41.94,36.73,42.29,37.73,35.04,46.32,47.79,28.93,33.36,29.98,39.09,30.35,31.41,22.07,-19.47,28.46,44.93,35.18,29.8,36.68,37.7,26.53,9.81,51.55,29.09,58.83,47.81,49.74,49.45,51.11,33.82,33.86,22.08,35.76
,PALAY,,,,,,,,,,,,,,,,,,,,,,,,,,,,,,,,,,,,,,,,,,,,,,,,,,,,,,,,,,,,
FARMGATE,"Palay [Paddy] Fancy, dry (conv. to 14% mc)",21.01,21.03,22.42,23.11,23.8,23.75,20.27,17.29,16.18,15.85,18.69,18.66,19.13,18.59,17.21,18.31,17.2,17.98,17.98,18.97,17.63,19.32,19.4,20.77,19.23,19.38,20.15,21.25,21.32,22.66,22.08,22.71,21.81,22.15,22.85,24.87,28.66,28.29,26.56,25.2,27.55,25.21,26.29,23.86,19.98,20.71,21.72,22.65,23.17,21.79,20.79,20.29,19.15,16.66,18.23,18.05,14.39,15.34,19.1,20.42
,"Palay [Paddy] Other Variety, dry (conv. to 14% mc)",16.4,16.81,17.1,17.07,16.97,17.18,17.34,17.23,16.18,15.78,16.35,16.65,17.15,17.71,17.43,17.23,17.24,17.58,17.85,17.61,17.06,17.44,17.35,17.68,17.74,18.19,18.57,18.79,19.06,19.23,19.44,22.16,19.91,20.6,21.95,22.89,25.01,25.17,24.64,24.68,24.95,24.93,24.68,23.71,22.43,20.55,20.28,20.75,20.72,20.36,18.68,18.04,17.75,16.99,16.4,17.06,15.6,15.89,16.92,18.01
,AVERAGE,18.705,18.92,19.76,20.09,20.385,20.465,18.805,17.26,16.18,15.815,17.52,17.655,18.14,18.15,17.32,17.77,17.22,17.78,17.915,18.29,17.345,18.38,18.375,19.225,18.485,18.785,19.36,20.02,20.19,20.945,20.76,22.435,20.86,21.375,22.4,23.88,26.835,26.73,25.6,24.94,26.25,25.07,25.485,23.785,21.205,20.63,21,21.7,21.945,21.075,19.735,19.165,18.45,16.825,17.315,17.555,14.995,15.615,18.01,19.215
RETAIL,"RICE, WELL-MILLED, 1 KG",42.84,42.98,43.07,43.13,43.18,43.16,43.27,43.45,43.37,43.27,43.25,43.22,43.13,43.17,43.21,43.31,43.42,43.62,43.72,43.88,43.8,43.82,43.86,43.98,43.92,43.99,44.23,44.53,44.78,44.99,45.32,47.65,52.69,50.99,51.99,53.82,54.91,55.93,56.44,56.42,56.06,55.96,55.85,55.56,55.51,55.28,54.64,54.38,54.14,53.46,52.25,50.54,49.45,48.47,47.6,46.51,46.5,46.49,46.8,48.25
,"RICE, REGULAR-MILLED, 1 KG",38.26,38.13,38.1,38.22,38.38,38.29,38.41,38.44,38.45,38.37,38.18,38.13,38.51,38.69,38.69,38.85,38.92,39.12,39.32,39.51,39.5,39.44,39.57,39.63,39.59,39.65,39.9,40.31,40.62,40.89,41.23,43.29,47.54,45.42,46.73,48.48,49.65,50.44,51.11,51.25,51.03,51.07,50.9,50.66,50.47,50.22,49.24,48.81,48.25,47.23,46.09,44.45,43.19,42.35,41.31,40.43,40.23,40.09,40.29,41.49
,"RICE, SPECIAL, 1 KG",52.38,52.53,52.68,52.78,52.75,52.72,52.77,52.89,52.58,52.63,52.64,52.61,52.63,52.71,52.7,52.81,52.77,53.05,53.15,53.34,53.21,53.36,53.53,53.83,53.76,53.89,54,54.22,54.38,54.46,54.7,56.24,61.04,60.89,61.47,63.08,63.9,64.42,64.75,64.68,64.41,64.56,64.42,64.08,64.05,63.97,63.72,63.42,63.13,62.65,62.15,60.69,59.8,57.7,56.83,56.32,56.48,56.39,56.93,58.38
,AVERAGE ,44.49333333,44.54666667,44.61666667,44.71,44.77,44.72333333,44.81666667,44.92666667,44.8,44.75666667,44.69,44.65333333,44.75666667,44.85666667,44.86666667,44.99,45.03666667,45.26333333,45.39666667,45.57666667,45.50333333,45.54,45.65333333,45.81333333,45.75666667,45.84333333,46.04333333,46.35333333,46.59333333,46.78,47.08333333,49.06,53.75666667,52.43333333,53.39666667,55.12666667,56.15333333,56.93,57.43333333,57.45,57.16666667,57.19666667,57.05666667,56.76666667,56.67666667,56.49,55.86666667,55.53666667,55.17333333,54.44666667,53.49666667,51.89333333,50.81333333,49.50666667,48.58,47.75333333,47.73666667,47.65666667,48.00666667,49.37333333
,MARGIN ,25.78833333,25.62666667,24.85666667,24.62,24.385,24.25833333,26.01166667,27.66666667,28.62,28.94166667,27.17,26.99833333,26.61666667,26.70666667,27.54666667,27.22,27.81666667,27.48333333,27.48166667,27.28666667,28.15833333,27.16,27.27833333,26.58833333,27.27166667,27.05833333,26.68333333,26.33333333,26.40333333,25.835,26.32333333,26.625,32.89666667,31.05833333,30.99666667,31.24666667,29.31833333,30.2,31.83333333,32.51,30.91666667,32.12666667,31.57166667,32.98166667,35.47166667,35.86,34.86666667,33.83666667,33.22833333,33.37166667,33.76166667,32.72833333,32.36333333,32.68166667,31.265,30.19833333,32.74166667,32.04166667,29.99666667,30.15833333
,CORN ,,,,,,,,,,,,,,,,,,,,,,,,,,,,,,,,,,,,,,,,,,,,,,,,,,,,,,,,,,,,
FARMGATE,"Corngrain [Maize] White, matured",13,14.43,14.11,13.56,13.91,14.95,16.08,16.65,16.35,14.42,14.7,15.06,16.14,16.39,17.55,17.45,17.91,17.88,18.22,19.62,18.23,17.67,18.18,18.15,23.23,25.49,24,21.41,21.82,22.92,20.79,24.2,21.85,20.39,21.58,21.78,24.16,23.35,21.15,22.57,22.71,21.62,15.73,14.62,14.89,14.41,14.75,13.61,16.45,14.4,15.5,14.56,16.87,13.65,15.24,15.43,16.16,20.17,18.37,19.85
,"Corngrain [Maize] Yellow, matured",12.2,12.67,12.55,12.87,13.41,13.68,13.84,14.33,15.48,15.39,15.87,15.43,15.95,16.05,16.32,17.18,17.12,17.46,16.83,17.84,17.73,18.01,18.21,18.55,18.79,18.95,18.69,18.07,17.76,17.82,18.87,17.24,16.71,16.74,17.52,17.49,16.54,16.6,17.09,16.55,17.06,18.6,14.58,14.2,14.45,14.09,13.17,12.53,13.26,14.19,14.79,15.07,14.75,14.96,15.5,15.47,15.95,15.35,16.26,17.49
,"Green Corn (Maize, green), White",22.84,22.27,23.02,21.55,24.68,21.27,21.53,22.69,21.57,23.46,22.89,21.41,24.46,24.77,25.56,24.3,23.33,25.17,26.14,24.13,27.32,27.24,30.07,28.98,33.77,34.38,31.69,33.36,34.16,30.25,29.55,28.77,28.01,27.35,29.15,31.4,,,,25.59,28.03,28.25,29.61,28.95,33.62,26.44,32.19,37.46,14.85,15.39,14.99,19.79,33.81,26.43,26.18,24.18,17.23,31.54,26.07,27.3
,"Green Corn (Maize, green), Yellow",41.14,50,50,50,50,60,30,25.45,60,50,50,100,14.69,13.08,19.24,18.35,17.62,18.93,23.71,23.35,23.8,21.61,21.23,21.54,21.6,,,,,18,16.55,18.76,19.05,18.75,18.82,20.48,,,,,,,,,,,,,,,,,,,,,,,,
,AVERAGE,22.295,24.8425,24.92,24.495,25.5,27.475,20.3625,19.78,28.35,25.8175,25.865,37.975,17.81,17.5725,19.6675,19.32,18.995,19.86,21.225,21.235,21.77,21.1325,21.9225,21.805,24.3475,26.27333333,24.79333333,24.28,24.58,22.2475,21.44,22.2425,21.405,20.8075,21.7675,22.7875,20.35,19.975,19.12,21.57,22.6,22.82333333,19.97333333,19.25666667,20.98666667,18.31333333,20.03666667,21.2,14.85333333,14.66,15.09333333,16.47333333,21.81,18.34666667,18.97333333,18.36,16.44666667,22.35333333,20.23333333,21.54666667
RETAIL,"CORN GRITS, CORN NATIVE, 1 KG",34.93,35.35,36.1,37.31,39.54,40.51,42.63,42.88,42.5,42.5,41.57,41.38,40.73,41.63,41.13,41,41.63,41.63,43.13,43.38,45.71,45.01,45.07,45.22,45.04,45.98,44.57,44.1,44.16,44.35,43.79,43.75,44.55,44.31,44.82,45.73,45.8,45.52,45.98,46.09,46,46.17,48.41,48.9,49.73,49.3,46.68,42.72,42.53,41.25,40.66,39.39,40.44,40.78,40.64,40.56,41.37,41.8,41.48,41.72
,"CORN GRITS, LOOSE, 1 KG",27.73,27.87,27.52,27.8,29.68,29.89,30.1,30.3,30.3,30.3,30.53,30.53,30.89,31.22,31.02,31.4,32,32.1,32.53,31.83,33.24,33.54,33.54,33.84,33.67,33.79,34.3,35.1,36.54,36.48,36.42,36.48,36.92,36.92,36.92,36.62,36.62,36.62,36.62,36.62,36.82,37.02,37.02,37.22,37.47,36.37,34.96,34.47,34.1,33.7,33.7,33.7,33.43,33.43,33.13,33.17,33.01,32.62,32.51,32.47
,"CORN GRITS, WHITE, #10, 1 KG",26.06,25.04,25.91,27.94,31.39,33.65,34.13,33.43,32.33,33.01,32.18,31.52,31.67,31.66,31.85,32.41,33.11,33.72,34.95,35.62,35.64,35.33,35.52,35.73,36.35,35.69,35.47,34.95,35.35,35.88,36.02,36.66,38.81,39.57,39.16,39.29,39.24,39.12,39.21,39.74,40.43,41.99,43.18,43.59,42.35,40.85,36.7,35.04,33.68,33.31,32.64,33.87,34.72,34.43,34.12,33.55,33.35,33.25,33.7,35.8
,"CORN GRITS, WHITE, #12, 1 KG",27.73,28.01,28.38,31.37,32.35,32.86,33.75,34.82,34.32,34.27,34.07,34.19,33.76,33.32,32.99,34.1,34.8,35.43,36.92,36.81,37.23,37.33,38.05,38.08,37.54,36.94,36.34,36.28,36.74,37.48,37.86,38.08,38.24,38.32,38.38,38.23,38.66,38.53,38.77,39.12,41.83,42.92,43.27,44.12,43.47,39.93,36.1,33.71,32.56,31.03,30.49,31.98,33.74,34.01,33.78,33.43,33.74,34.39,35.25,36.91
,"CORN GRITS, WHITE, 1 KG",29.72,30.34,30.54,32.57,34.7,35.31,36.55,36.59,35.79,35.88,35.83,35.67,36.11,36.39,35.99,36.3,36.9,37.22,37.77,37.98,39.49,39.41,39.66,40.04,40.34,40.33,40.47,40.31,40.43,40.38,40.87,41.2,43.45,43.8,44.43,44.43,44.81,44.82,45.16,45.52,45.75,46.05,46.41,47.99,47.67,45.12,43.33,42.49,41.31,40.29,39.65,39.93,39.77,38.91,39.25,39.09,39.43,39.42,39.31,40.17
,"CORN GRITS, YELLOW, 1 KG",29.65,29.7,29.63,29.56,29.44,29.63,30.16,30.27,30.78,31.03,31.2,31.3,31.43,31.54,31.94,32.13,32.61,32.57,32.91,33.45,33.79,34.1,33.92,34.19,34.29,34.47,34.41,34.35,34.49,34.25,34.35,34.5,34.74,34.8,34.66,34.88,35,35.18,35.11,35.14,35.15,35.38,35.67,36.12,35.82,35.46,34.8,34.81,34.75,34.25,34.17,34.59,34.6,34.14,34.11,34.1,33.98,33.83,33.93,34.62
,"WHOLE CORN GRAIN, YELLOW, 1 KG",32.88,33.03,33.52,33.61,33.8,33.49,32.59,32.97,32.61,32.91,33.06,33.42,33.47,33.75,34.1,34.42,34.56,35.06,35.46,36.26,36.84,36.89,36.89,37.08,37.58,37.45,37.63,38.09,38.18,38.39,39.13,39.25,40.49,40.64,40.43,40.68,40.48,40.99,42.26,43.55,43.24,43.68,43.75,44.51,43.46,43.52,44.28,45.31,44.97,44.14,45.83,45.17,45.16,45.7,46.58,46.85,46.39,46.17,46.17,46.43
,"WHOLE CORN ON THE COB, NATIVE, 1 KG",36.94,39.84,41.1,38.57,38.19,38.13,37.28,37.69,37.28,37.28,37.69,37.9,38.53,39.08,39.63,41.07,40.03,41.42,43.13,41.27,42.14,43.11,45.89,46.17,45.06,45.89,46.36,49.28,53.27,55.86,53.72,51.97,52.83,53.86,53.44,53.03,54.17,54.87,54.26,56,55.79,56.21,56.97,58.72,59.63,59.98,62.56,60.06,63.04,59.78,61.64,58.8,59.29,60.75,61.23,59.98,59.23,60.82,63.53,68.53
,"WHOLE CORN ON THE COB, SWEET CORN, 1 KG",53.17,52.98,51.76,52.46,52.8,52.36,50.73,51.86,51.41,51.29,52.26,52.05,54.15,54.91,55.33,55.29,56.08,56.9,57.93,58.38,58.74,59.95,63.58,63.85,65.44,64.99,65.64,65.56,66.13,65.13,64.83,63.09,63.89,63.66,62.5,63.04,64.18,64.7,65.42,66.66,67.61,69,71.2,69.62,67.14,70.37,70.82,70.68,70.77,70.18,69.82,67.55,67.23,67.97,71.72,71.88,71.82,72.65,72.67,76.9
,"WHOLE CORN ON THE COB, WHITE, 1 KG",40.98,40.24,40.17,39.6,39.28,39.36,39.96,41.54,41.45,41.85,43.4,44.49,45.98,45.48,45.53,45.95,45.22,45.71,47.3,47.96,47.97,50.71,54.81,55.32,53.74,53.07,52.95,52.79,53.46,53.39,53.25,54.69,54.51,55.26,55.66,55.36,56.07,55.9,55.91,55.48,56.24,56.33,56.72,57.84,60.08,61.49,63.98,66.06,67.51,63.05,64.5,61.98,60.8,64.06,65.81,65.23,66.16,69.41,71.01,73.49
,"WHOLE CORN ON THE COB, YELLOW, 1 KG",55.28,52.81,52.68,52.5,52.51,52.14,51.1,52.61,52.43,53.88,56.14,56.75,57.19,56.61,56.73,55.7,56.02,56.08,56.9,57.06,57.36,60.21,65.9,63.86,64.32,63.6,64.21,62.45,60.84,60.07,59.49,60.4,61.61,61.83,60.8,60.95,62.6,62.1,62.08,63.04,63.48,62.67,63.86,64.07,64.87,66.57,69.67,71.3,72.7,69.7,69.63,67.55,67.87,70.21,72.32,71.78,73.29,76.05,77.41,79.94
,AVERAGE ,35.91545455,35.92818182,36.11909091,36.66272727,37.60727273,37.93909091,38.08909091,38.63272727,38.29090909,38.56363636,38.90272727,39.01818182,39.44636364,39.59909091,39.65818182,39.97909091,40.26909091,40.71272727,41.72090909,41.81818182,42.55909091,43.23545455,44.80272727,44.85272727,44.85181818,44.74545455,44.75909091,44.84181818,45.41727273,45.60545455,45.43,45.46090909,46.36727273,46.63363636,46.47272727,46.56727273,47.05727273,47.12272727,47.34363636,47.90545455,48.39454545,48.85636364,49.67818182,50.24545455,50.15363636,49.90545455,49.44363636,48.78636364,48.90181818,47.33454545,47.52090909,46.77363636,47.00454545,47.67181818,48.42636364,48.14727273,48.34272727,49.12818182,49.72454545,51.54363636
,MARGIN ,13.62045455,11.08568182,11.19909091,12.16772727,12.10727273,10.46409091,17.72659091,18.85272727,9.940909091,12.74613636,13.03772727,1.043181818,21.63636364,22.02659091,19.99068182,20.65909091,21.27409091,20.85272727,20.49590909,20.58318182,20.78909091,22.10295455,22.88022727,23.04772727,20.50431818,18.47212121,19.96575758,20.56181818,20.83727273,23.35795455,23.99,23.21840909,24.96227273,25.82613636,24.70522727,23.77977273,26.70727273,27.14772727,28.22363636,26.33545455,25.79454545,26.0330303,29.70484848,30.98878788,29.1669697,31.59212121,29.4069697,27.58636364,34.04848485,32.67454545,32.42757576,30.30030303,25.19454545,29.32515152,29.4530303,29.78727273,31.89606061,26.77484848,29.49121212,29.9969697
